{"count":1,"self":112.4710272,"total":137.8648639,"children":{"InitializeActuators":{"count":1,"self":0.0040003999999999994,"total":0.0040003999999999994,"children":null},"InitializeSensors":{"count":1,"self":0.0050002,"total":0.0050002,"children":null},"AgentSendState":{"count":6617,"self":1.7162313999999999,"total":2.0419991,"children":{"CollectObservations":{"count":6617,"self":0.11344119999999999,"total":0.11344119999999999,"children":null},"WriteActionMask":{"count":6617,"self":0.0455021,"total":0.0455021,"children":null},"RequestDecision":{"count":6617,"self":0.16682439999999998,"total":0.16682439999999998,"children":null}}},"DecideAction":{"count":6617,"self":23.112703999999997,"total":23.2279101,"children":{"RayPerceptionSensor.Perceive":{"count":6617,"self":0.1152064,"total":0.1152064,"children":null}}},"AgentAct":{"count":6617,"self":0.11192099999999999,"total":0.11192099999999999,"children":null}},"gauges":{"IA.CumulativeReward":{"count":4,"max":135.767151,"min":-76.7851639,"runningAverage":82.6272,"value":135.767151,"weightedAverage":95.91042}},"metadata":{"timer_format_version":"0.1.0","start_time_seconds":"1637610043","unity_version":"2020.3.20f1","command_line_arguments":"D:\\UnityEditor\\2020.3.20f1\\Editor\\Unity.exe -projectpath D:\/Jogos Unity\/ProjetoBloco_IA -useHub -hubIPC -cloudEnvironment production -hubSessionId a25f38e0-4a3e-11ec-9eb8-2321333c446d -accessToken mjvjgabwd_PGAabkMZsz32MaoFnQ0eIsmUTpimn5SJg004f","communication_protocol_version":"1.5.0","com.unity.ml-agents_version":"2.0.1","scene_name":"IA","end_time_seconds":"1637610181"}}