{"count":1,"self":44.0560064,"total":50.1124365,"children":{"InitializeActuators":{"count":1,"self":0.0019974,"total":0.0019974,"children":null},"InitializeSensors":{"count":1,"self":0.0040349,"total":0.0040349,"children":null},"AgentSendState":{"count":2273,"self":0.40538409999999997,"total":0.4967897,"children":{"CollectObservations":{"count":2194,"self":0.027399399999999997,"total":0.027399399999999997,"children":null},"WriteActionMask":{"count":2194,"self":0.0130447,"total":0.0130447,"children":null},"RequestDecision":{"count":2194,"self":0.0509615,"total":0.0509615,"children":null}}},"DecideAction":{"count":2273,"self":5.4977008,"total":5.5187241999999994,"children":{"RayPerceptionSensor.Perceive":{"count":2194,"self":0.021023399999999998,"total":0.021023399999999998,"children":null}}},"AgentAct":{"count":2273,"self":0.033882999999999996,"total":0.033882999999999996,"children":null}},"gauges":{"IA.CumulativeReward":{"count":1,"max":135.759644,"min":135.759644,"runningAverage":135.759644,"value":135.759644,"weightedAverage":135.759644}},"metadata":{"timer_format_version":"0.1.0","start_time_seconds":"1637612671","unity_version":"2020.3.20f1","command_line_arguments":"D:\\UnityEditor\\2020.3.20f1\\Editor\\Unity.exe -projectpath D:\/Jogos Unity\/ProjetoBloco_IA -useHub -hubIPC -cloudEnvironment production -hubSessionId a25f38e0-4a3e-11ec-9eb8-2321333c446d -accessToken mjvjgabwd_PGAabkMZsz32MaoFnQ0eIsmUTpimn5SJg004f","communication_protocol_version":"1.5.0","com.unity.ml-agents_version":"2.0.1","scene_name":"Menu","end_time_seconds":"1637612722"}}